{"cameraMode":{"drawMode":0,"name":"Shaded","section":"Shading Mode"},"sceneLighting":false,"audioPlay":false,"sceneViewState":{"showFog":false,"showMaterialUpdate":false,"showSkybox":false,"showFlares":false,"showImageEffects":false,"showParticleSystems":true},"in2DMode":false,"pivot":{"x":7.956048965454102,"y":-2.104381561279297,"z":-2.3061752319335939},"rotation":{"x":-0.07145839929580689,"y":0.9125438332557678,"z":-0.3595288395881653,"w":-0.18137367069721223},"size":54.94772720336914,"orthographic":false}